<?xml version="1.0" encoding="UTF-8" standalone="yes"?>
<addon id="service.pbstream-lic" name="PBStream License" version="0.0.7" provider-name="Poolbuzz">
  <requires>
    <import addon="xbmc.python" version="2.1.0"/>
  </requires>
  <extension point="xbmc.service" library="default.py" start="login" />
  <extension point="xbmc.addon.metadata">
  	<summary lang="en">Auto Check for Login on Play</summary>
   	<description lang="en">Auto Check for Login on Playback start.[CR][CR]Icon credits goes to Poolbuzz http://www.poolbuzz.com</description>
    <platform>all</platform>
    <language>en</language>
    <license>GPL</license>
    <website>http://www.poolbuzz.com/pbstream</website>
    <email>pbstream@poolbuzz.com</email>
  </extension>
</addon>