<?xml version="1.0" encoding="UTF-8" standalone="yes"?>
<addon id="repository.pbstream" name="PBStream Repository" version="1.0.0" provider-name="Poolbuzz">
	<extension point="xbmc.addon.repository" name="PBStream Repository">
		<info compressed="false">https://github.com/poolbuzz/pbstream/raw/master/zips/addons.xml</info>
		<checksum>https://github.com/poolbuzz/pbstream/raw/master/zips/addons.xml.md5</checksum>
		<datadir zip="true">https://raw.github.com/poolbuzz/pbstream/master/zips/</datadir>
	</extension>
	<extension point="xbmc.addon.metadata">
		<summary>PBStream Repository to watch media from all over subcontinent</summary>
		<description>PBStream Repository to watch media from all over subcontinent</description>
		<disclaimer>No media content is hosted or streamed by the makers of this Repo. Some parts of this Repo may not be legal in your country of residence - please check with your local laws before installing.</disclaimer>
    	<platform>all</platform>
		<language>en</language>
		<license>GPL</license>
    	<website>http://www.poolbuzz.com/pbstream</website>
    	<source>https://github.com/poolbuzz/pbstream/</source>
    	<forum>http://www.poolbuzz.com/pbstream/forum</forum>
    	<email>pbstream@poolbuzz.com</email>
	</extension>
</addon>