<?xml version="1.0" encoding="UTF-8" standalone="yes"?>
<addon id="plugin.video.pbstream" name="PBStream" version="1.1.1" provider-name="Poolbuzz">
	<requires>
		<import addon="xbmc.python" version="2.1.0"/>
  </requires>
  <extension point="xbmc.python.pluginsource" library="default.py">
  	<provides>video</provides>
  </extension>
  <extension point="xbmc.addon.metadata">
  	<summary>PBStream addons to watch media from all over subcontinent</summary>
		<description>PBStream addons to watch media from all over subcontinent</description>
		<disclaimer>No media content is hosted or streamed by the makers of this addon. Some parts of this addon may not be legal in your country of residence - please check with your local laws before installing.</disclaimer>
    <platform>all</platform>
		<language>en</language>
		<license>GPL</license>
    <website>http://www.poolbuzz.com/pbstream</website>
    <source>https://github.com/poolbuzz/pbstream/plugin.video.pbstream/</source>
    <forum>http://www.poolbuzz.com/pbstream/forum</forum>
    <email>pbstream@poolbuzz.com</email>
  </extension>
</addon>